{"version":36,"hash":{"type":"Buffer","data":"VV9Y7u5nmaSwUNBGX3151iecaqirOkLzyfNGGVdKTqVS4uMssBWNjOBDWKYjW7v7O+hDBwdC288om8R5YTHv4EKvRuM2eOeEzpowCJBhqQw9c21oZfRqY3s+90J3NH/QjkRAXln6JzlRgL1JpEGzNW3qF85sP4cOM7Hh0NOeEhQ="},"indexValueMap":{"Ab8UIfjAEijBakLc2F0baUvLRFVqUS2MUiZX+wqzpnw=":{"valueMac":{"type":"Buffer","data":"03taRcSa/HhnCGFs44s9CK1jmA4KASkNChNSzGSnoDk="}},"BkTavtES7LjL/hPMNGnIemxlglb9IGYQQFT7PEEcb0g=":{"valueMac":{"type":"Buffer","data":"2fDwSg0+qMDizOmzG04pk06JB2zMPRdzh3HzPj7IDQ4="}},"B3GGpGcFDSAcNqQivThEJFGTcVZOCQkfFOyjy6S0ovQ=":{"valueMac":{"type":"Buffer","data":"c12YzOnwHNPyNOCQFU8YrG48fffTSd6ZAtSkMJV5sR8="}},"B/iAVUFnoSnuONNNdN+DKJ7gvD1xWwE7602Uhwh7Z6w=":{"valueMac":{"type":"Buffer","data":"n240s/qqkhY6L4qHZw8Iy2eYZ6ZqkpLQHXQI+mRII1s="}},"CHaRr5uiKADVspAL5TxUFZcQGEbvctxCwmCJMvEvIo4=":{"valueMac":{"type":"Buffer","data":"emGUGi97aSl/IlhJzDwFLeZXHospavLlE8Cvyo3HIfg="}},"CHf5nOhRIhqQ2ApL+2XvFbQ8HQF3oicZ/hIsclydfDY=":{"valueMac":{"type":"Buffer","data":"kDWI8npWN9EXuMim5FLDKbTuTPQK6aqTFWQ3/VILI6M="}},"CVQNnMt/0UkLYBYuDqYho0/M8EDmC6XPKkRxNYGEe9o=":{"valueMac":{"type":"Buffer","data":"yWQdIcqM8i/LU8hF1Vnvlp6mPt7GcvdjFD9ogjdB0Q4="}},"Cxwbn/zZd4+7InPL8ELAFDkr/5C4oT9YDXKBr/OrOjs=":{"valueMac":{"type":"Buffer","data":"uoHxvSkc+fMpDGE3UgT34/bqGEvbqdf+nBthHOhREjg="}},"DAylNBqJydziX7F+k9+vEAi3gz0l3t7dx8xQhcKsvDs=":{"valueMac":{"type":"Buffer","data":"lyk2G9576h2x04nGlzzVx/2GxSXuFSlEYDbyH0tWLaU="}},"DOSw+AMg12UMvJrD0j/AEPIL+uIe2cVEvGah0kK0mEM=":{"valueMac":{"type":"Buffer","data":"JKNiZqcr70YDWz6oJGIpWaLIL3PFX7q2i8tpoKi6iFA="}},"DYXdSjWOaPFG6Mc+JJeYvXcsItgFfcwPLT94TbzlvfM=":{"valueMac":{"type":"Buffer","data":"Cc1Q0FDE1lVJLPhV8ysylwumVbLZETShIY/mpDSw9CQ="}},"Dbm0tPAb0JdbSyDTvvI0IP59+tXaHrnCGriOt6liWjw=":{"valueMac":{"type":"Buffer","data":"DnIR7zoOkU0wJBoUe6m5380S7S4oPDTPjIe31YpiejU="}},"DlvftMAabn0SYcsPyldlVHvKbva5TH39UBinWgFo+oM=":{"valueMac":{"type":"Buffer","data":"MOz8RT9NI8wZEFdQIVxhQPYMUJzMxsc6/lBp4hWopag="}},"EQ+IS7TiQ04Uqpao9k/SP5C8rXM+UHKC7r64DOAwe90=":{"valueMac":{"type":"Buffer","data":"lbk1HdSt3/3KTiLlh3KGllAPEmTU2pfbIB4SwcgBO5g="}},"EptocdwC6+zd77UbJsxsPcqdhZp4082PCCWziLIUfhw=":{"valueMac":{"type":"Buffer","data":"TAyJMk5qjsAkRQ2T2NBB4IoTgCaSPlZIUO0dTXnMnMA="}},"E57tYP7NKHhpOGXWL/3Br6vq+1+MHhfj5J56BF1guMI=":{"valueMac":{"type":"Buffer","data":"G7yrXZENpPZfPSALP1iOyaXxb4SO0P+ldZPt2joAJNk="}},"FB/LsjJ0w06zxtiJMB8tzYWpP16FvsOMi1UjP6ZjnME=":{"valueMac":{"type":"Buffer","data":"FDT0wo18OS6KgksnR1LwuPDgJpORwwufOIxEuVMak7I="}},"FHXuwmUqdLug+NatZLYSGh3dqxUwUMVU3b6cM3+RXos=":{"valueMac":{"type":"Buffer","data":"v31Yusa6fzgPX7733kVswwa1BTe0eUXM5tcGLMBKXz4="}},"FsvJlVNmDnTYWIoW7E6yXX4uoAYuWoamGVv+FUqqp+c=":{"valueMac":{"type":"Buffer","data":"RWbiobRXrCWBrPiyWVPGtHOieg8Dul0Zd4lh/P28HOc="}},"FyvVPQOSTbu9/MPINjlmDQVteZFPPqV+9sfx+5mlgPY=":{"valueMac":{"type":"Buffer","data":"VG7FZzgKeYjHOEaN+csGq1+S0z5XgOJDQ5sQEn3gfEA="}},"GEf9LYbxwft2hgz/RkkjKxTZ9pxHUWvNB0YY+hV3lYI=":{"valueMac":{"type":"Buffer","data":"cV0k2nWnzj4je0sisiyUMpNGVJARegOZdB4srZY0Qlg="}},"GPvnBEZYE2nzNJafMtZDvxQutsh6SLDEu7wvn1NTHdY=":{"valueMac":{"type":"Buffer","data":"OmKNQx6ssGoh+OLzifCivsX+EClFQTqVDH4UUfYbvRQ="}},"GXMJt6+7ATjk9M1H2xXFq0RhThUkZNRhNE3Hz9CgWDM=":{"valueMac":{"type":"Buffer","data":"kw8Ij0kY370DDs0NTtX3AqexTZdg73nONW0cfFDuODs="}},"Gj8N6T0as835Y6bxk7nvvgj1IxNlKZH48kogv6Xg8+Q=":{"valueMac":{"type":"Buffer","data":"yN7le6SfEiHWpfjclViZ0BNqstfAvgoaQ6VW8gMMstY="}},"GtCMO6gF0gC7fTam1P8e2KYF/ccY67FPWKWCRg6wRCM=":{"valueMac":{"type":"Buffer","data":"AGSPXCNQ5Y8UIUUofzgVg5yzDNi2RXvMOKryLTdzQWw="}},"GtNtuGGrJY7N34evvVRxNLKvNAfTBZhNDv0PCqrpvGE=":{"valueMac":{"type":"Buffer","data":"nmb7kkJUIn4fpS/8Xaf6/pL3kv+YeEcgZCTSxefj6s0="}},"G3mfF6e6FVcRXK8xHHLzVxSPTd1LBXRzZ5G4IOaqPlE=":{"valueMac":{"type":"Buffer","data":"eg60sRnis3fUATooNEhKVqetTCOIzLu4OFqtCKDTl2c="}},"HkVIct6uelc4PROuxsr9YLlIvTUJTahGP3njNbHHVb0=":{"valueMac":{"type":"Buffer","data":"ADp2dApRstZBojBoBbJcwRDj+Ff9BHmRzNeW1uKQq3E="}},"H1776frdosoHNMGA3imlUujGPxK9gUwnMAo+TvkHmLI=":{"valueMac":{"type":"Buffer","data":"QJVqN/fQPvuKhLbgAWl+E/LwurL0/rxI7yMq92HlxmA="}},"IY/I9b5VTAxFeXk3Ts6GepBjFtQDNq4I9qETZ5baZHw=":{"valueMac":{"type":"Buffer","data":"hCAK5gsXO8vNyc5rfKDgZ7bM1Ks8RjEE4LLFokrLyRc="}},"IZpD/3ijeDgcvIX4TyCtb9XZQKFXLYUp2f06K76Bogo=":{"valueMac":{"type":"Buffer","data":"4heoLj0jXtawAzqlwVcNYRVIPxRZgD+ekRc0lTnNXzI="}},"Ip2p9KIOHYnOGLu/mGyvxxZviBus/B1wW555D3677v0=":{"valueMac":{"type":"Buffer","data":"lV5msK5N6xI19RFAIyc9dw5Ba6Iq8uNHYWB1BGdDgLw="}},"IqB1uPh4vEruHdCEXx565mwwGLD5L71s5somTl1xDBk=":{"valueMac":{"type":"Buffer","data":"fcUE0tmner/V2ZO5zlYJLduAGY/L3lcVm7o0DRMF/sM="}},"JOT0vZyZFU1z0nRzfTISOri8/sh0FehG0bShlSegCWg=":{"valueMac":{"type":"Buffer","data":"G+lz83uuhldQKiUzMw78BeaHZUtDKnAbW/4xeEyQE0s="}},"JRK2PLfiJtRVvVjP0KX4stehgyJuDcwQUefRPi8r4R8=":{"valueMac":{"type":"Buffer","data":"v73eJItIDMMqqwjsrHGLYqqiZ6xqnBKvG1Mw45AdrMM="}},"Jq6DO2tBHncLDirwEJwpnNi3jeOvwe5sk+l/VVv0IH4=":{"valueMac":{"type":"Buffer","data":"f+essbkJjZtU30W1Q8m2GdGiV8xLLY8qXJv+4LD3WVg="}},"JrV7XLQlcErjQeifESVaH8/QAZ0rwNrOwDUONKYcHX8=":{"valueMac":{"type":"Buffer","data":"gJLIgaU3FFpq5z9hbWDPC8EMn2cDNEjbqCHq1QFT7S4="}},"KQ06S0Oym4jXm8u6j3fv6jGCbYEjuLtlQTqAGHX6GTA=":{"valueMac":{"type":"Buffer","data":"AKIb5w7Oy/UyavdFFlYWGsLicYiFoRc7hRT3bpuDsBA="}},"KRRyvKEDGcT4WWx2jw1PgVkDi4kjxENnj9FawgoNwy0=":{"valueMac":{"type":"Buffer","data":"+CJs8zb6j7tacpNfYTN9kqiVp/inHeZ5JqqItnzyAxg="}},"KXRXJchrm7KskfzTgM16YdtlEt+bSaxzYBawKASjkwc=":{"valueMac":{"type":"Buffer","data":"mtT55dghxvLyeGp/zqqule0BS0yEV7hs6B/scFKOz6U="}},"KsXImCyy8AfdkjS8ruNkBEgB2xdoV+CRX03V0hVrpFY=":{"valueMac":{"type":"Buffer","data":"U89Bf6CDaTzpMSkqW33YowbuSdYw89JRN1r75UQ+5kY="}},"LGKi0mMYBt8lnAizonJHUhrKoXrnL6PDspGGUmBz4q0=":{"valueMac":{"type":"Buffer","data":"Hjn3FQAqjiOMGcxjN5m776udWSblpQBEbhyIoNDqHp4="}},"LLzwMDPELdg/1H2MgLQ1PuZ1mpAJef0KZSKjWk8uwME=":{"valueMac":{"type":"Buffer","data":"chaqG9kIadXYQkpVeNoMjBxS2eEZiVo2mWlP9z/0/Hs="}},"Lv68Vo/84O5qU/31ZUWM9dtBzVL8pg5+iE/K2zgLuXk=":{"valueMac":{"type":"Buffer","data":"b1V4877lnHJ8xqPgWEUQVaD957lkv77toeldWKVoPqA="}},"MXG8t/8RnlAaVgwjdvbsP0CSp7z7W2iC00OOPJju4fk=":{"valueMac":{"type":"Buffer","data":"+Z802BRfHYoUGfh1GsW+gLx0LoAygr9mx8coIBNYAH4="}},"MuO717oxR4/Y2qCNWLrsCY0Uz4WsqqJz4zbIpI+Xmm8=":{"valueMac":{"type":"Buffer","data":"s8wBtYvRCluDkU2pkuiumv0F+5pqCUbD4SHDpIz4ZKg="}},"M339v56dUG89trfFVpYj6KFfLk4nOJi76+jCEHjmZQQ=":{"valueMac":{"type":"Buffer","data":"QlM6RiKFzq7zpCrc7nFp6wfFhUkmTIbh8GgBWp/VmLk="}},"NMbkLnFmmiH5/Y4+waS8NKBgnfJcwGyp/8ig9C6dYec=":{"valueMac":{"type":"Buffer","data":"Ip7vcNRoukvOVqDbLT4XwMYmANC9UFCx+mJe7txbBhg="}},"NtIkeLrm4I+ErxWrcnts2qtZf5WYgZubdHIDvqg6r1s=":{"valueMac":{"type":"Buffer","data":"w3uaoMB17SmoFjX5ZKxaJeJsPit+e/M/Ss58p6q8Enc="}},"OCENsQ6Lp9xolpvLri+FF41x+fNHOVN/fB0IacIaoR4=":{"valueMac":{"type":"Buffer","data":"CguyWPbBcBe6BGmFxG3+5FoUSLkPMVS5bd+V75CNAdU="}},"OH6GH/MYj1hqJJOOPvVTPZ1Yt6CIGZYF0XletJal6Vc=":{"valueMac":{"type":"Buffer","data":"3Adpwkv6xQwurd06hLex4qarubUSXKplZ4VBjam7Vik="}},"OLkuXiY4vNi97LceNaHVEiYX7JigqjQ8E/impZVhbF4=":{"valueMac":{"type":"Buffer","data":"xbZTusjPtUe09fg9O9WSia6JA/VR9uvNtnMTRh5QWYk="}},"Ou/pDSlEKqrzzalukiESwm4pHFQI/6LJlc2wM4d/q5A=":{"valueMac":{"type":"Buffer","data":"KzBYsZ8B+0cp7idAwiF98b3TgUfNTsUUNnqPp1Tnbsg="}},"O3NOgRj6Qqv1N9jKV5/r99TEdH+44D9ax00NRVMc18I=":{"valueMac":{"type":"Buffer","data":"oxudRpVqLAW6aw/gR5waKQBz0ML47H0jvaG4yWOhn9w="}},"PTWPPm5Lxxi+PzMZnX7rHNbfg91fYAwabZcFg8T1+zs=":{"valueMac":{"type":"Buffer","data":"15Hy8LEBTry1Eriym5FpQ26j1t3ucjG68+6rj17bDo0="}},"PcdG+wIXncF/FtvgJTlFJuhffomdw+muNBmUWK+mLTg=":{"valueMac":{"type":"Buffer","data":"fOxIqxXaB2Fd2vq4jTBfSFRL44HsuIXxNGH01WC+A/g="}},"P3suZ1SFFcGbdl8WaRCDHL4NkBAwKessBNy221m3xNk=":{"valueMac":{"type":"Buffer","data":"hgqaICnhOECQqDOKTHg1Jlg3StLWFX6+ROEylTpd0S4="}},"QFff4TDJVrmcvlbmR59wb07Jl5M2MvHFxxZWClF6Cag=":{"valueMac":{"type":"Buffer","data":"EcvOmmj8JMCH1nZCNoQkHvUUqSifLOTgxY758ouTB7M="}},"QL9JXuKoq7eDohCa2St8J4h93q9MHFbK089k/GwvSDE=":{"valueMac":{"type":"Buffer","data":"PLQzKG8nu+rnjzYwNkmZ2pjdt+uRtjf9G+WI7D/iy64="}},"Qg9hxE96/U2oulZl3WwL0OYkRbJwYLJG/DRoEk7PQMo=":{"valueMac":{"type":"Buffer","data":"7WdSc3Zg1CJYwJuCkwj0SOAkaI+6c0ePtMrtPbXDp9c="}},"QhDAFmWzEe2IdH3PkaQaTxWoMMZr+oNAytvu8qKuj78=":{"valueMac":{"type":"Buffer","data":"GyajbYFwJc1a+8p7yfWKu1lpGK0EEBJcbWPTzkQG8cE="}},"Q+60T+aLZkhmXmYkeysHZ61ZEtMfCpP8/LwwSbG18Lk=":{"valueMac":{"type":"Buffer","data":"ixNF4K+kJqMUgMrtxzYLxOYggUeHJ2dtvODhmCoFlgs="}},"RiD37zUV1gBL1c2FfAyKjYkjhoBkuygYQP1n+95yM4E=":{"valueMac":{"type":"Buffer","data":"WS5CAToH64lmyKsgde5Z0mMUvyQJUrgr0kL1R8wNaYU="}},"RsHfiGLOFUXvPHyYHGONdQLsBAbR4rXz7M7BKhPE8rs=":{"valueMac":{"type":"Buffer","data":"zbqoEdrEv/StW0kn3RK5XdgtuXR58kWq7dQve5aYlGo="}},"RzKk4Od8458Kbg06/B8IEphLF44J0ah7crhuOYhN2HE=":{"valueMac":{"type":"Buffer","data":"uTozZi8ioBXsxmaZ8/ROnbR8w/8cwM9uQ2G2iHKx6Lo="}},"SEiPBLmhWa/xhF0BlUkvf1ABu34eTUJFZfcJsX7zLNM=":{"valueMac":{"type":"Buffer","data":"ggx0FQuGVJMwfUMV9MtxYwbias3OuWozbOfjamXcgl8="}},"SQ/b5yI+SgV1PMS4Ih96bG/hkfodXJicgRKlNLmqzn0=":{"valueMac":{"type":"Buffer","data":"FXuErFRQD2eYUc7WgMC3yC0t7JbTcU/ZGbaTIrZAqn4="}},"SsOJNknpC5dpjICefDtWMAAZ+SpqdcZLYIdBhQUlSWE=":{"valueMac":{"type":"Buffer","data":"O+rK5UQgyJkektTW0al5IVM7SZ1KNqAwrzCeNYEBUUc="}},"SspbX+bgyNP4oJmGU1jkLmN05Cf56YzZoMCAr3BSIl8=":{"valueMac":{"type":"Buffer","data":"JgPw3pz0MhCIMxd+JnzR2n5eAYWKAI4Zxm3WpWocyIc="}},"S76UFOiH2ef1yYq02uXXVXI22SyRpxs9BcYWE5YGagE=":{"valueMac":{"type":"Buffer","data":"J1hSQqi5ev6vKOkpLOt3QCAPw9e2XIARgPsY28asr+g="}},"TwxVxgvUPdnBeUhPu7CPK51ycGAGvy8waY2TZvtYk3I=":{"valueMac":{"type":"Buffer","data":"IoDHHg7H4jVx+RPkcUcaEfI2k0an7RsZBuqC0lb6T3w="}},"ULfZSLewKeTpYXtGddqRbdYYh4DLqselpOrUVLRXHTk=":{"valueMac":{"type":"Buffer","data":"Gi+GOUagMd7WoLUNh9VxHFTgprAjfz0noTUbGGEAzoY="}},"UUnbIGpZaNNukrAJtcLy8FoAjAs0QZ3RzrCJ4ttmLR0=":{"valueMac":{"type":"Buffer","data":"PUJJOBIrgYnIJm0zoqCnq4+/ggOXvutDe4M1W0mC6d0="}},"UjNJxNA0CelPplkjbK8bc+AV/ArOGy9KKqU+ClIA3fs=":{"valueMac":{"type":"Buffer","data":"oPxE9G+pgM1gN4DbvUtvAtqA/Hh0U5FR4ppZGLdfDo0="}},"UnQ82gr6C+YKlwKAIaQgGh/VWGTf9i0RthZHYVZG6Qo=":{"valueMac":{"type":"Buffer","data":"bdMjhGvDNr+RGp7aHbF4U9y2QQkxy6d8u6rmXslnR7s="}},"VB37WeGqgT8aWFJf3LvgisxicN/cXpS+xIUaNsnl1II=":{"valueMac":{"type":"Buffer","data":"35QOlwZhU3noz09uw57tLmjvFXT0udIbp/zqaEUQ74s="}},"VrO6roTFWfEXbjrlUavzSwxgKxQuyUZ49iytkYsrboQ=":{"valueMac":{"type":"Buffer","data":"pcMMIIQESTsgXHrqzhx+qgjX729uCqppnUuedcsv4kg="}},"VsO4kGH6i3M/5RzYrOaXhjNTqJtsCmCHLh1eHVwUHeY=":{"valueMac":{"type":"Buffer","data":"KhZG/gYdvM+U9Yuy1ifs5okPRdCcTgP4M6FDEm3kn4Q="}},"WF2eO0906RpY2JiIcT5GjDeHI5H0zT5d9cl2SFNkzLM=":{"valueMac":{"type":"Buffer","data":"2sgL5t4lxyjvSlzArwmMf6LoYDzJZq7qz3LgGg2928U="}},"WPLs2st++ZQ8ML6ehN24+alaZOlmcspupKeKpYd8qeI=":{"valueMac":{"type":"Buffer","data":"/rvz/zAwjhOyLGihL0pQ1ntKKooiTfGTc1UpEUVBk8s="}},"XJ+QDaZ7qi7WUB1FDCCfhHncrAtbr6gX7XgKoj8CuaU=":{"valueMac":{"type":"Buffer","data":"WIXiNCtIz/8UR1OZwKE5TpQBSS8gcK+q3Je3ZDl0Rec="}},"XXsgaJzonzpJJeyM5lM1djHCthZxjsUkQSEnocEE6ls=":{"valueMac":{"type":"Buffer","data":"cYcGhMc+QjTQdTPQzxGesczC+QhGmcIV0Rsv9cLHQ3w="}},"Xk8myGgtGlqo87lturSzYD1GTtv5umfjk8GvID1nSvQ=":{"valueMac":{"type":"Buffer","data":"QFfNOti8yuLcE/glRnLe6/AqoEIwn9hSeFt/seyQNss="}},"YAn01KBGxlLsXr5sXmLMTztzIkF3Ky2x2nLK2UwB9RA=":{"valueMac":{"type":"Buffer","data":"jzWY2lkftCuacM/fg4hsSPOT3rCheXGFOFa557MR00Y="}},"YB/SvSoGUAChzBUl7TIANT43y8SCxaa7AZaRDq1pjDc=":{"valueMac":{"type":"Buffer","data":"yKOwUpwYk7aDq1x8wzpa5P01UwAabLQvlEE/wg88y5g="}},"YVDR8HumRj7wxLsl3t1nWXr9WjH34r9bkr+WlKe3J+A=":{"valueMac":{"type":"Buffer","data":"qy1iqr/TkBo62IxV7kb8lA3xBYM6scF4Q3wjXIwwTjU="}},"YV/ZU9v2K8fDKRrLChK3Y0gjkG2/98KyGhG/Y2pLHwk=":{"valueMac":{"type":"Buffer","data":"qluuBZM7LbTxVrv3YyLXqfOB9DwfPNpLnpJjFgqN1xQ="}},"YbdLfZ2bN6YpbP14Ydu5aeeh93hLr+h3l7NcfO9ABAg=":{"valueMac":{"type":"Buffer","data":"CtFZ8JevG2p8TRso3OAO/ZeMQPYomlKWytiM2lUblSo="}},"Ylz6Vv1Yqy85GH2Izfk85+xciMB4bmFiPrXk6WG8Je8=":{"valueMac":{"type":"Buffer","data":"ri7vFWzlU8jt3ebn+1h92VlfjcjQxOO1UG//ZySLhhc="}},"YpaeCsKnDs1A3Z5gXt8Yf9VGIHxY7YAb5hlnoRNvZho=":{"valueMac":{"type":"Buffer","data":"xdahpz6cK5O4EJ6COk7AOf/nN0W66cPXd6jDcnAUVEA="}},"Yw39iPAYmiRL5j1DndysW2y/9SjMhuS+7Z2AJk6lbWU=":{"valueMac":{"type":"Buffer","data":"M1FupEYGojq2GD9v5qqjU9+80vU0XCl69d0YEIL9eL0="}},"ZF15jNataLygv1lDZo73ToV66H4gynMvtJeJatrdh/g=":{"valueMac":{"type":"Buffer","data":"FCsZ16pRAdR2F6AaRoQUAcMN8HLNAUDrmcSy25zTiFc="}},"ZfZ/vqdy+rW3PLjBn6zryDYAMyeF1Wj1bEI/AfjNFBQ=":{"valueMac":{"type":"Buffer","data":"WWLTek3dkgPP6fMfpEbORxP5sPnM+nwlGffUmqvM38Q="}},"ZgxIzBbS/IayX2RpVnJ4lBwOs4GTat4qCuy7uDX58Yo=":{"valueMac":{"type":"Buffer","data":"D/xqYBATaLKTz7ySdeZmqTN7DnniGphCxmtR8L1JqV0="}},"Zj3BU01m36d59BbgXXSm7N8txQ1+FOg58plDoEU93FM=":{"valueMac":{"type":"Buffer","data":"nmafX3EBBvkV/mcv0YrOqG372decYLwVELuPDpmJeYc="}},"ZlpeqG3pEHuSVIT7WNOgEIewqXJm3QldUSB55XoXhE4=":{"valueMac":{"type":"Buffer","data":"NsdtfZU52YG6bGdlMmEgF/XHY8Vo4IJX4qaY+CFdRz8="}},"Z19nUh6qczziuuMKZ06l1ZIkHV7aD/lUwHxCT4TX5vg=":{"valueMac":{"type":"Buffer","data":"LypSVDJzyUneqvmGc0YOK7LlAb+gpphN7cKjyJ0MqXk="}},"Z6Wi/GuswyCTJyJiQ2IccXvXA1EJ3VuMhKmgyFmLzwY=":{"valueMac":{"type":"Buffer","data":"LbzmoYei7N7ZaZ8bsOAmm+fVJCA6BCdB3LgYoy0M1DM="}},"aGYEVtRLBFgkOgiL3MhA9EfXnSoJ87bDGeGEwuuZzrA=":{"valueMac":{"type":"Buffer","data":"zPtECI2tx7lbSmE56v9uLJyhkLPtreLCaflSMUxedpM="}},"abgqsy8t5tiPqQZwQZEHqNxT0bgxz4j4cS3s4XtTfFY=":{"valueMac":{"type":"Buffer","data":"B1g9wxWjnff3G7OnVmWUKIAwlc0J6C/BFQoi4Y33O4Q="}},"bBluzHLvV9rXE5wrxescLOV3Jz2Z2/CRdXYB5vc5LqA=":{"valueMac":{"type":"Buffer","data":"Yu87V3fQ7JQpc8+JOWSu1ohSNbkE+q9SdoTje6PR7+4="}},"bQExvie0aqt9bzAQO24wHe+oAK58bAbt6xLf0JmBaUs=":{"valueMac":{"type":"Buffer","data":"epjYdmYL46F/cxD7mmyXyJ+B7jSv0MH/6JBmhsRLnck="}},"bqIy7WkJLbG3g/5IZaGPhMm0+Ll0hoHa+6Vwuo3lbLk=":{"valueMac":{"type":"Buffer","data":"IDO6dgYGDvAiha9sGRgxDAE8GNEiR+/c8KkDXntEzuc="}},"b5Drdaqg4QVQ+SjKKQcyh1zTrfHWROzsRv+IDBlxI4I=":{"valueMac":{"type":"Buffer","data":"dVw9GiSvvELgvRVkMJ78wQKqjsznz0GaKi8qJ5NsZsA="}},"b5qZfJxJEYt5AM+zUXdWHqaTcdjUTRpxc2hfpdsnY0M=":{"valueMac":{"type":"Buffer","data":"gQ6MAEmaNs3xO891mchjLk1CA5NlUbsx7SYZd1gtfdc="}},"b6P2l1pMMgv+8DwsPLfiDmS0IjRFPsOE90ZvXNdCoCU=":{"valueMac":{"type":"Buffer","data":"7HOZsJGWJZmQYV5LX/IXNmk/7FtxlAolk6kwZWo8+bg="}},"cmTp4iMu4wLQ9ZLLGAJBrCqW0sVYWFoTWTw7z2rdjYI=":{"valueMac":{"type":"Buffer","data":"6timxcchMkTSz5scbp91R+6ySzqaBYfFS4OvKjS+Bqs="}},"c7OzlmGObmOCmNYO0UYt2VdPc4b0beZ5AsQiKfissjo=":{"valueMac":{"type":"Buffer","data":"UszjKVneKbl6EZTbUaqRKrok1h6ZBP3xqYL0lzHPvTA="}},"dgpEqMXHouzyK/Lc04zdW31xRbvNTEIqLSSEzrxWGaA=":{"valueMac":{"type":"Buffer","data":"4CwQtFKgGYKe/7oy14hbnk+TFV9jTGvqJ1zBMZDJPE4="}},"eT4rw4iXTjX/SZCn3QL+Eu57+Wdu+y4aGJrp3PfdeIg=":{"valueMac":{"type":"Buffer","data":"7NjE6ii4TktbyEl64xm8mRwqbMmO2J6/Gmnz68RNgw0="}},"eWYw/bc22NZ3JfQEw5Vrjbo4z5MakHpAre3WzciWbHE=":{"valueMac":{"type":"Buffer","data":"eJxsHeibDiK9K67UUytpxrgQutZHeTSY4iixYhd8RvI="}},"eoC4qIQqjJhiAeVsnHeVKn9q8V5RPJgySwNHQazK5tg=":{"valueMac":{"type":"Buffer","data":"3N2rVDS7YkIefLHEq7WH54Gx98g4Wgz9612qrLyG4jg="}},"fEpG+y6rfwnQ36dblgMIHEHBRx6o+xapbuiOoG3MisA=":{"valueMac":{"type":"Buffer","data":"JfG+Ngth/PFHPQFhzMKYV5y8kpJp/3A7y3lDvVkLrxs="}},"fYXoePkH9DXe5I4DR1h97JribNqaL+P9vipRuGfhWfI=":{"valueMac":{"type":"Buffer","data":"hH6JEOzA8LHi4tz7icHgJkR58ws+DbBx4vpz6O5R5Iw="}},"fYvO2lBeYrV3I2o0b8uQOVGpGPHPDSIM7mTyjGz/iVU=":{"valueMac":{"type":"Buffer","data":"1GF7L0sIYNRonw9y3+4W0B/9e/y4lJ5eI/Zcs2IHbe4="}},"fubaXkJsU8of+YIvUHiAk27CHbkTRqDrZ4MhIefJ5kk=":{"valueMac":{"type":"Buffer","data":"37WnNQhhGROXgrnL/oW2gqDNf9+SL/bMGI2dsUnxyFA="}},"gI7UOB5R8mzRUOlpU+NxgXcu1JLiMODEVQg3l3UQUKg=":{"valueMac":{"type":"Buffer","data":"6V1GV3YoFounGrrEBDyz1HeKGZjnNixF3RwgEUYFKNo="}},"gPInMh2E/LUeoCjKtfzMMfSxSzp8yLJR3K/uJocwxtc=":{"valueMac":{"type":"Buffer","data":"JxoCIed3ybsgXAhysFTWPblX18upmGZSfG7n/crnkfU="}},"gVelcMYVX5yXyDGwjyRhAwOvS5KL6qFtIUQiQwlzEnw=":{"valueMac":{"type":"Buffer","data":"2Dtk0YZH++mNhDlqKwGlqYZxZxMt10wjqaAj7yAva8k="}},"gv94hqeTXfHlUlwL3ZpFloI71e5R3kctUEAcgI1tibY=":{"valueMac":{"type":"Buffer","data":"W0r88ym16ulOw5kiw/X8uaRmVVD4ARSIaej8qupOcz8="}},"hZzDBOAzuQjtD/5fiwWAJI7UUNtHRyTRjAvWGF1K9Qo=":{"valueMac":{"type":"Buffer","data":"0r/mudCmRTHcqcKYofG/LrG+m2UTKOjaSVlg4r+2KCQ="}},"hrMggzT1beZvaZIBLDuU+0UtceRC/YTPmu5AwYVDkz0=":{"valueMac":{"type":"Buffer","data":"lpA1mjG10TriP18qH60350JdEIEyRC7pr8SugQuFl14="}},"hr7WTSnOYAt4p7fXOYvhy7+1neqaFukuyIxjrQCcWG8=":{"valueMac":{"type":"Buffer","data":"p6NIviP9lc/U5ZZEFUcfErh99BkbV4oacsRpG5THNSQ="}},"iqCN2g5FLomsHTVkM9wYN7+LNL3XcfYJNL3qoz8GAV0=":{"valueMac":{"type":"Buffer","data":"LPPGc9EV7nquyjM+3usqXQr+O6miG7Hfp4idkEkllJI="}},"jIAGHFzDseKPp8TxVqnipLi41HQxlnAEhIaGPB7oZWM=":{"valueMac":{"type":"Buffer","data":"ZN3FT16FzLMg6S2mSaOq/YhrVI2vvvzaHV8XPZBxZlM="}},"j6z/1bu5EAX/KnHf0pcMN7wR65CKYNLcIgZ1Vh99ajc=":{"valueMac":{"type":"Buffer","data":"Xs/Rxzi7LMg54LFisuvhMqhwP96GmAmoPu09Zd1WU+k="}},"kp89u3NfWExpYdr1UOl2UH9JGqeEpV/u9jdbQpLRwDM=":{"valueMac":{"type":"Buffer","data":"PSlILc9y2U2iKCaXPIbuyDipT7XfWHQkUNiTfkcAuwE="}},"k+BHob/RU+MNcbqktzYlsytZ9uhkc59OAcO63BvPen4=":{"valueMac":{"type":"Buffer","data":"WGLZUtS4+j58RQjJUNzC8q/NOueDV1UI0b0rzLx0MYA="}},"lK9Kkb+nGZ8aLmWGfUFfXKGb3YdcbaAlcJT3M3Cx6IA=":{"valueMac":{"type":"Buffer","data":"j8dLLu6sL2P8d+T9tHKiPwfO/rLblQxWL673shRddRE="}},"lTb5hTW7TzwDBA8kfsih2d5Kwa6G+oVgBY8JdE/hU8o=":{"valueMac":{"type":"Buffer","data":"GL6q4HTvYaUEJP2NsdE3B0xx6MpdE5cdf9pUCxDADpc="}},"lcQcsyObFqfJeBxYQg3/IGgF8ck96MHGhqq6uOGX5Es=":{"valueMac":{"type":"Buffer","data":"lBTcwGCYhyYsilUb/2jLsnfGomE7VoPkjz2df63/Q/k="}},"lrN6vAu2ZcufionHQ5vQUt5GH23g+oEjiBXxRyEQ138=":{"valueMac":{"type":"Buffer","data":"oRUjkggK7cgAYUjvf5Y4+ayRVfYf0P43YT227UWeZs8="}},"lwLDSjrMACu7AWSECxvzuBaDqVZSMTsCz0zkhw/GMQs=":{"valueMac":{"type":"Buffer","data":"WUsRh+C1nE2P0CgCuBlL3FLDUHTU5L7r9bNhRfrLzes="}},"l4sSRnRKpirDEKc05E05TGilrMDlwiz74IqVe86s0/0=":{"valueMac":{"type":"Buffer","data":"DLxQRwlse8uWUYUaUVfn9v7dR2WP5mGbySymBLpjSz4="}},"mOyabObpf7MHmcrrLOh01MbH1Z6Lly68UE7l4MSZKoI=":{"valueMac":{"type":"Buffer","data":"dQPMWYU+txULWUqYKn61y8FXRG8U5Gx/j+rHOv9JweM="}},"mWbgKQ5zKOsbOvXyXRhme2gTx1uapOVyxdd07VNmWT4=":{"valueMac":{"type":"Buffer","data":"DctUf86plsLvLnlz3sJRT4KBbUcqH/W07XP5DZnORE8="}},"mwZltoKq2VZ55IMbweijIDi7Crw++yKPLoNq6H1HR2U=":{"valueMac":{"type":"Buffer","data":"iaiIZ9vw5qLBq6zCwLhxljDjMC7L6hFVUVkqCm9s6Uo="}},"nBG4UCjPvPDifLgd4pKgD4wVniLiGlmRnzSoZLcMHYU=":{"valueMac":{"type":"Buffer","data":"ujwZnTT/uBQ2r12VPv4RZjduXCrxkNaeAlPhNdnVu/w="}},"nh9Ib8n2Bp7FR1wru7PRSTZtZ6xPMeDc78oQReiMebY=":{"valueMac":{"type":"Buffer","data":"PpcieOw8aYWbmA4gyAJLSgmOpk+PHM2y7pXLjeNJ72U="}},"n/5YI5xN9YKaZeve2FeIEZJ5JW2BXnspF1OlqGb8sLg=":{"valueMac":{"type":"Buffer","data":"8S7tvpUBdmk3nCLoD3SLel6zBjqh3Yb3bvvIVMJ+GMo="}},"oCmsyiKVV2EAPXO9gBgLT2gC4h0la7Z6tqB7W+m+O/c=":{"valueMac":{"type":"Buffer","data":"tau0gX8cS0QedQbFKETaSrcdyhKfWBg0d0CKqaXooJg="}},"ojlDus+CtnJqaKxw7jx6CnoCkultgyuFBT8J3KbqwHc=":{"valueMac":{"type":"Buffer","data":"6i5DGTsdYBZnw2v+iKARzLKbzTnEhC4oVCW0TXmcTi4="}},"omp+Gs5bWbhuynYGRlimERr3g7dq8TUYnJzxcxG/ieI=":{"valueMac":{"type":"Buffer","data":"SM0N9TCk70X7+zhftK+vKijZmQPUZt+BO2xJ5Kl4KL8="}},"o7NfxUItCQUbvc5D++QR+khF2j/y2XQ3Hvuy7JB1whk=":{"valueMac":{"type":"Buffer","data":"9zICxtXz5AVhoCFDjjp7d3T1Wj7z62YFVWuKdO8m4jo="}},"o+mBYGY4PSxisIliXOjYvsWzGozF26v/sjyE6/gWsXc=":{"valueMac":{"type":"Buffer","data":"omopTvIRN4wshhjwbkr5Bq1NxWBhne0jrINFlZgOITY="}},"pgfLUOrP1fEyC1ERw+EopMuihZ+/OmQcwJ3DVpB8uDo=":{"valueMac":{"type":"Buffer","data":"N0a2d11OaWT5UImB8zryUOnXgW6BiMVUceo54XIoMXM="}},"qEXCTwXakRHw+7chnJfS1yOeOlnRRH3Q4r+FISIOb0M=":{"valueMac":{"type":"Buffer","data":"pwsmAoQCdhvFhwp5O+nmUA+UnfbgxRCj5gyscIH5LpY="}},"qG0tluJxUjaKDZ2BXnHVS/d0DBZ9sFBwZ/L2HmEFz+g=":{"valueMac":{"type":"Buffer","data":"n5tzA9EFLbweMCkkIXJNG5JDWkoB6rSvtDYzh5Zz3xQ="}},"qJ3gar8Mj02UccWG/vv9yScObBBbvZuca6rm4zx3M9o=":{"valueMac":{"type":"Buffer","data":"6RbNMBjwHlNokBS3ct+lBMCrGmeYKdOlR8+bpBTXBmA="}},"qKR5j2VYqkLCjWrYhoA3WZHMd7tycJYAS9QHLsKEzv8=":{"valueMac":{"type":"Buffer","data":"+eYeXsNPtAALrc4UiwaMHCmZs00zSaG3XEZhHxk/DUQ="}},"qsmA1U2utzSDXxuMFie9KJSpIGiCX4FHqqdCh0uj9Ic=":{"valueMac":{"type":"Buffer","data":"1pTE5u0D7lDQNQ2IAnXuANkgm2kNBqfPlcYGoyBXLUA="}},"q7zrZUg9At/s8NpB8MTKh02tqWAG/pI7W0IDZ/xZlmk=":{"valueMac":{"type":"Buffer","data":"+O6fPkRDtzbg77+EamRoxRwt24+BJsvgbLCm3Iro1F4="}},"rD8y8QkpA13627RNE0WmPFxdE+UDR0kJEm1qllYoVfE=":{"valueMac":{"type":"Buffer","data":"B7Jaa5MCyTGnOBLvMJCuWob33xjMBhTP/l9r2r04vyA="}},"rUA/NXBUoETq1+Py+KmiOsvlfeG2/vrbpEtBQ8EFOiY=":{"valueMac":{"type":"Buffer","data":"SBM090KdiAKdeZRobXB24ooYBCLUpMrmOemGWA0ZlXg="}},"rlVvAmIq8TRHxwVjOn1PB72CB2CDIWn5d1xLIpfeTjI=":{"valueMac":{"type":"Buffer","data":"CSk0IfFTvHfEDnFtWaqwAGk2etVw0yOa3ujXcJMzr2Q="}},"r6LX1w/TyCxQr9MsyNmWb8BERYHOfaDmNRHcVlOCuic=":{"valueMac":{"type":"Buffer","data":"x6h18UKu3EH9mBPXfukKshM0nt3x8uqawPzRtGVc+U0="}},"sGxMdukPnrfdUy9wqdo8PJPvawv8AesZriMEQKfb5pQ=":{"valueMac":{"type":"Buffer","data":"T2XsCeTR4SN6m8CPg/3MC5LCrCUyjsRB/uuBi66ugVQ="}},"tZ/wlqLi4yNHH5O2KHQgQO34G9MQjMN8JAhSAz68cyM=":{"valueMac":{"type":"Buffer","data":"dVG4c9EhgMqIdr0dEQj5CiR7zKEihC2Sm796/4eRa1k="}},"txpMYd3BOhM+93HTVjpyKFOYeJdOkm5cjMStjEfaMno=":{"valueMac":{"type":"Buffer","data":"eh5BLtrY9yEASjO7XrxloCBmjfBm62/W+0bahS59MO0="}},"t0Cxdfpffld2kK0KIVYepaO25mDULaITOA3z7xb8HJc=":{"valueMac":{"type":"Buffer","data":"E6Ndek/Wywn+WIALnj3mKzIhlE75tCxSuCmCSkqwwbQ="}},"ul+rGW7cOBrra3YsIQP7ccpB6az9E5VT8vfN7qPDRJ0=":{"valueMac":{"type":"Buffer","data":"J3zR/XODBAagZ1cZDUSKBih+IlFGWE00KoFaQB8nIrg="}},"u7UP1840eI0WXVyauyZ3ankHgJT8BVmoo1Vn8yl80IY=":{"valueMac":{"type":"Buffer","data":"CJ2CJGqB4ilSb6ok1trk8ZEPKO4wklEC490YU800NAU="}},"vM95WZuAN+HVK5QWoOPpV5uo+usw6zLmR/YVtfxcquk=":{"valueMac":{"type":"Buffer","data":"pwhKa7kOvuZley0dye6MvaigNN18fJE9cy5cdGn1Nco="}},"v8cxuE0do4c4S7r1ZoJiDrM6BxqsS5zMnQNwYYu7xf4=":{"valueMac":{"type":"Buffer","data":"9Sr+CL5PwPxJRwo2cLi4//eBhbfrdy4/0p5FBZAvpjk="}},"wbbJIWC0Th4Sundfga8j0YlDCwd0AHCQDDF/3j1p6QA=":{"valueMac":{"type":"Buffer","data":"8VGHEcJbJNyZ+Cr6r2GE9BKJJJvCykTFC/F2f/shAxE="}},"wvB3reLd4UmURAp88H7Ds/+kgnJpsooRBdZ2L0d2dYc=":{"valueMac":{"type":"Buffer","data":"LtrTjQEEzRvy7PvZWpT47a7eL5r1+SRU3HM6x9Jdo9Q="}},"w6bwdazFksGqauIcPaNEQDoG15xvL950i0Evl2BAiNg=":{"valueMac":{"type":"Buffer","data":"w6s79zl3I50GkQK+Vs8Sj7Bc0Tb+jUOrM3xH/EeTIVU="}},"xKkH7jcprNHIL51TQ8ENbx17BYxVVvKVWMNiOWJWJms=":{"valueMac":{"type":"Buffer","data":"HEX2mfDUNPx9amJPTjgBtJ/Qh2BykA3rh3Ri+2WQ66k="}},"xK3BUyrlfG88gw3O8CrTedTgauiT9RmYN58w6CKdmm0=":{"valueMac":{"type":"Buffer","data":"rFOWC3oEd6VlpJaA0SNkNZup3Wa4ZKRwcOG3GE3EuXk="}},"x5L6WYt9i6MyuGMoHM2BxkHVuGS4XfdURPTmJS8Wwlw=":{"valueMac":{"type":"Buffer","data":"v+0HMTgMRQv4UaYSIG3cITjEuxdiGrzqWBiM/yTWhYQ="}},"yP8f9UIwFjSsW1hAUOrHkpLqbF/WCA6IIr3qXx1OKeE=":{"valueMac":{"type":"Buffer","data":"VD/hFIs+0kvjrSHxjoLvRjXlZ16lKZGqGl/L4FO0DZQ="}},"ymSFdI4PwHgesuQLH4a2UP40LFKXIgEefcH9H4E5j4U=":{"valueMac":{"type":"Buffer","data":"+IJJ466mviIBx8qfJ7X3gXfHuCj61GpCviAIUnjSjyE="}},"y1jCFZ4w9q4yQ3UGDRvrb8IXWnPF51WrpY6rF8YWZnw=":{"valueMac":{"type":"Buffer","data":"tnWBD2PSrYO42WV3fKJkmMco7fyhKZfB9ROGS+RlQXs="}},"y7aqO9EU4Z6YEw0nzR/EqwSQd3Kn3rKKZeByubJKgQA=":{"valueMac":{"type":"Buffer","data":"DK8A4z8Eximm+XLMoN4Db+NhJ72CUd+E7bnDHrl+1AE="}},"zJN1W+gAKCHyQ9Bkh7JOvynC/5qX2GsiFK8wNXGVfNk=":{"valueMac":{"type":"Buffer","data":"sdrxqQHgcEQ74EtVpll6PDagAAMP/laTbrVYVtDtjPY="}},"zgZZu8VLLxGh8fTyEqAHiI5JyrDDiHrIAUNwtWHuR4I=":{"valueMac":{"type":"Buffer","data":"3vRyhZpbzMIXtwXr799s9csTmEXL9VtEQx1ILi/sOYY="}},"0AWRg3wjPUMJhOpRrfKFARW46jszF1XHXYGZvac8ZM4=":{"valueMac":{"type":"Buffer","data":"vroTAipVvzzMeAokiVeqJX0xMIDDWoyOcehTL2PYST0="}},"0I7+V7a0CeqiUgu+uiI0i054QzD9EzDngF8i2r9sip4=":{"valueMac":{"type":"Buffer","data":"neGAc9O3M9EnVWAldNt23AWGoBbFbeiAspNHnxW/z14="}},"0QJKXUFketz2KxK5NMyxnUoNHX7YE+gI7SyoO7T5T38=":{"valueMac":{"type":"Buffer","data":"rntD6JMPQwHeeN6dCbFzSGD0SdNb9k2B4udQ4xuQk0k="}},"01jgFsD2g2iqQxBpPJTjA7umrZ0JUrv0OCQlN47w8Xg=":{"valueMac":{"type":"Buffer","data":"tqCY57OZq+hlGZURAca+u5KrX+35E75srL97NZaHtZw="}},"1AsI+bT+fMnVwEmZkKOFdfKAC8iL3e/9dY2pB7+FYgE=":{"valueMac":{"type":"Buffer","data":"Q73/79q3nZuSaPdQ0gfHLw9FpLLePkyxgt1EqTVQaoo="}},"1I3TmGwgFGIoTzBkMHYvtuggR2/z+AOpDXpW2GWGOss=":{"valueMac":{"type":"Buffer","data":"qSry6lSJQRO9gPpz1m4BDo53GtZbGUAsdHDYBoceibQ="}},"1ul6m3CkJ6r60U1hBxNXGKISB5rfOtvKshRWZnGpsfM=":{"valueMac":{"type":"Buffer","data":"m9KBGvX2hqfHrU18nMIrppm00eY9PF8iTPBwmWE3jXA="}},"1xvyss0Y23ButmtoLldfcUQ4JgKyA8zE9IoiE12sEQs=":{"valueMac":{"type":"Buffer","data":"G736eDcHgFeMz+7jMbWwrwRN5hOYVaMZWaRnpJMconI="}},"2C87/QmMgLdmUnJOUhcQH06+MfTC3PF/UaqFe43E1Ho=":{"valueMac":{"type":"Buffer","data":"DoumdPKDyQmXwen1IBp26A/Qh49nNi7uVwxcsPrJxAE="}},"2ILTC2oeY8vxPXiLj1N5sDBdvEKgzIxIVV7gLldXCTg=":{"valueMac":{"type":"Buffer","data":"ftKeMKE3V3pgX1ShUJmfdIIJ8JX7KK+ZRqSuEJD7OVM="}},"2VZubyB4/p56ak6ZQanVDUdpPE1yghFTFnGfhjBgSWw=":{"valueMac":{"type":"Buffer","data":"hsoZMIe6+q9ebAikrjFo9MOBuIDsufxEtMR+3YyyMM0="}},"2z++XqousE27/hoHXj1wq/f5XW5JM0LMuYwMdhq0NTM=":{"valueMac":{"type":"Buffer","data":"xvmggb7/uTcMPFGuPHhbvloRchycDWVXD8CC/oSTYNw="}},"3IhSzKLcA7AS3vR2TdXIHP4K8pv+2erWAsUZlwEEnZk=":{"valueMac":{"type":"Buffer","data":"VxNJrBP/fdG853q6rT9iIHSyWPnTJZunLdFJnL/GyzM="}},"3RH9ynYQUcx8cxBhuXSpnrHkR2gJouVqoBVBXivDZV4=":{"valueMac":{"type":"Buffer","data":"CwcAXsnaKG3wA0mtVrOB/P1uAgQLO2vkZCB/jZJQ3L8="}},"3o0XHYyS2x8bPx5meHMj3tVqiIQncebpaOuHo6Se0QI=":{"valueMac":{"type":"Buffer","data":"5p0gmJo3L+mMcfMkjkDxiDUvaec6QIrwhKQ6M1rTuYE="}},"4pXlemrlfYWgjAHG5Eag/DmiEP49hmH1eXs5RzjCSS8=":{"valueMac":{"type":"Buffer","data":"EWrpkoDrZkRGbhoiCv1O4mdKl91UiG05MqNVclxcpno="}},"5YUKYne1D3VSMMQc2XbDQv2yr761QTiJ4AkWR+NdNoU=":{"valueMac":{"type":"Buffer","data":"7NJzS6R6mxp1mT/MxkIrwaOk2G0EVl+jXA3jNHBbwmU="}},"5qYgvfgEYm2bzdqMhM1o98v70aj/fiNbKbhw0S1p+4c=":{"valueMac":{"type":"Buffer","data":"9fpfe6G0HD26IAZpg2zWIX008Fs2qjA3Ma9k7s/STGw="}},"5rUX/ohHuYKtWo/ytUwpkfBOIzeVGhxa18os4+DTis8=":{"valueMac":{"type":"Buffer","data":"QkvJMMKpfA1FxpnYLtd0IozodqijbEKJWxcyds27+gI="}},"6OuPteflGFPB4U0//MKOU2pic2iddjy+SifPNT+RMbM=":{"valueMac":{"type":"Buffer","data":"ErS5X/E84ZwU4oca7P3BYlbAkbKDVCu3jUF2yFVj344="}},"6PGWH14Da8XgU3CvJhPpAsYNlm8mXEnu80ic1DdcbEI=":{"valueMac":{"type":"Buffer","data":"S8F7W2XzQxGvP7XjuqvU/4ppdWaBBhYQWM5MHPGFBQE="}},"6aqfjQ4cMH2elXWIpuHjtcKmdapWoXoa9KM/nZeFbW8=":{"valueMac":{"type":"Buffer","data":"5mrLpWGvxXlbiGCWCN+h0UYyi273eEvg6ctH7lZmM9I="}},"6bjlcmdivxGMoA+aPhPFo7me2MR/xNgcgTy6Fu7Un4g=":{"valueMac":{"type":"Buffer","data":"xystNOgldwjMCNkScYJEKgrXsmHPbOykc7m0RFsymQE="}},"60dEfzwPenA26P15g7zF+8mAD37Z5Hn/FWNBhvtww/U=":{"valueMac":{"type":"Buffer","data":"1V8j+RtwkVoU0E2P2ORssZnROSxrjFicCxcI7nehx5o="}},"7IIyLpQk+gtngv/l+7Ses2cMmawyLcpmUfjFWM3HcJM=":{"valueMac":{"type":"Buffer","data":"ybiJn187dbyw1VyVSe665DblYkjA71lHg/XNsUcd0LQ="}},"7fym/hN4dnPuh50+mf6dNW5QKvaU5uHAeSJonXD3ixg=":{"valueMac":{"type":"Buffer","data":"cpYFGoQz9t78NotD57TtOQgfFmRxGxWbr8gqi0SCO8M="}},"72TB47qQPih2mqsUHxoq4DBYPbAeWnZM2iCX1+aH3uI=":{"valueMac":{"type":"Buffer","data":"swNNz6O03ONQH4WsHrzSlI4flnI0khiEML4Nm1kAwj8="}},"79WmFApJCnoIhLc7RqoSO21HV8RjEQ9zhwy+OqH9vzg=":{"valueMac":{"type":"Buffer","data":"dicu1ctANzh9ndE+Rm/BmkZnPQSxBAKEtCUcqHHTTnM="}},"9Tw1eVOtbkfjCrPz/D+KKn4tmaSUGjhxjpRgmp+tDEc=":{"valueMac":{"type":"Buffer","data":"s24xLTTncgopEM8IWdQ1fkz3FagHNbLSoTeJmXXdb1s="}},"+LetmDM1Y9WGPWlwuomdBYXP6a6V+TSN154N6eE4onU=":{"valueMac":{"type":"Buffer","data":"wj+l1tTnaz44dE6NsJqxZ5TuCv1SfA8JXp0P9slOg+o="}},"+NGb5eFpPXNJY2HXXfdDrRcE1BbYqgUQDI7Q74JTFkk=":{"valueMac":{"type":"Buffer","data":"FSdo5fj4rWlcEsVmRks1N0vOcD9A49l9qU6Ou/H/YNA="}},"+h8Q8AuV2ZU+8KrMf+iDJsXl/C8gSIhO0SuD+7J5jtY=":{"valueMac":{"type":"Buffer","data":"PuYsRfQBWLFlMWzYJ4LMXN/GJGg5oDcSX/9zyjMQGQY="}},"/IydwMESa2GdJ7X1uKE38/S0E3qwzwnc3dhue7RPwsk=":{"valueMac":{"type":"Buffer","data":"70tMSCss5XDczDKv/9VmoHoqj4N2qjxqwy4PeA2Km88="}},"/ZdZqwfoIZDd5XOfktetx5PG+QtR+CQKDXso+49Dipo=":{"valueMac":{"type":"Buffer","data":"TPvHt4Gn2vYoSYU5P54efTIwO/Nj8kRZujMQZ5UD3Tk="}},"/2GVlSARqtuKqSMB3+M1rKbbiApW3BweRgquo0nicSg=":{"valueMac":{"type":"Buffer","data":"EYMOWrdL5aN7VImJVBZCC0aEYLcYOQmisRdS0w0kJUQ="}},"W8aw1lKCSufDU16w23s/WnXIoOwtN0FhYz8AieDIoNw=":{"valueMac":{"type":"Buffer","data":"MJrJiGAOfHv/9TB4BBhNYo+Ych/Vo6VUIurrVKuUSzs="}}}}