{"version":5,"hash":{"type":"Buffer","data":"J0SL7c6tV+fHCsmMzU2ZOaO/NynESrwni1w1/JdLpIRvWZlWs5u94T0k9meGkxL0FIake0UQ+Q8smkXhlKq3jUrC0+V+kK3iCW7aiAzRK4Tg6IkbtFoKbYRguEJo+L+XZci/O0ISJsSZ8NNdSEwYO2767hZFKWx5jhSfRC0N7p0="},"indexValueMap":{"CKgCXihkfaP6GWCKVPwTtY3EXl8qoXg2YVYsQOzYjP4=":{"valueMac":{"type":"Buffer","data":"HuSsEn1m7rAw0hnXTzUzGsW9HSr1lwcUzgQECtDM7EU="}},"FR0riidhvLP2UsEk+LD9g/4UR0Lfmbd+hKmuieXqyvQ=":{"valueMac":{"type":"Buffer","data":"UXTTMTt+uNl+EzU47I8Q20K0tuQiSwYI8bJ+8Z7zFkA="}},"Hh/nxHMh3dS8q2nj18qgdkkCuIMcTpFMqAU0JJgVKnc=":{"valueMac":{"type":"Buffer","data":"httQvjVVcJqUldunkqJNSvESfAjo4j/xKA2BN01pRD0="}},"J78kETDZfKDLCDa4cz9WrEb5KT3b6dT+oloFUvAj+0M=":{"valueMac":{"type":"Buffer","data":"ocQohyTsYfGYAdWRLHkb8kaYZlZJjNZTlI+3+zBI61s="}},"MSg1pBT/RoMgjKZcAJwHPV1AnErjs80NVGMScKqcVzQ=":{"valueMac":{"type":"Buffer","data":"NtErFauU/nVCd4RkPV7k3DsSLNt739/FpcHZTFdnf7g="}},"NZYBi2WQx2RJPSDALtKHN8uBc2AIcfUa25gXLdd1xbo=":{"valueMac":{"type":"Buffer","data":"vBgPcJnwLkKY2kd0Fc7wIbHkPKki8xMCprQ+ybbxz/Y="}},"QGBgTSX6n+aux2ykkjDNawTppSu8Ra5VZ6DFAUqDSak=":{"valueMac":{"type":"Buffer","data":"TKQCYK31EN0TVb8CU3cdvq/2NtN3MOzMSoBs1F6cs1I="}},"QMi+VisIAUE5NWG6hLEuWRM2z3WA3DEi9e12JWxZJM4=":{"valueMac":{"type":"Buffer","data":"A/kzUlgXScRFbYDozeFiC3ISh+wYPku7Fqm4SLbPXL8="}},"QPjG92oBfyUq6nu7kmn8jLQceMLvxWiuX9u9CQpSUlQ=":{"valueMac":{"type":"Buffer","data":"0ti5Tt5S+QMISXqULo+jNK4D6gPcjbCu+JFMZSeItcs="}},"RJbMSwhR5Ibu9r+jZ3Hj44tyzno0Dey7ZOIwv2he0YU=":{"valueMac":{"type":"Buffer","data":"ic2KEB00bSLx6W6VDSOIwv718qKbZL5CYFxTR8MD1dE="}},"UgcdwDvcxzyrGr02TWVzz2l7tWiyNaV4zldoQaQWfks=":{"valueMac":{"type":"Buffer","data":"WE5AVDY96PHpHgNAtANdTpr0oVPtDQX2n2QeU1YbKZ0="}},"UhajffLzATOMd72H8IxZUnVOgANmPoDQ/a0NVEAl2eU=":{"valueMac":{"type":"Buffer","data":"QGC0+uOCjXbmio4JYEdw6b+0FDUybXmkTmx9tU6SBio="}},"VRAdchSrp+S6KPktOW+Emyr/eExf4htbBOjPugkp2po=":{"valueMac":{"type":"Buffer","data":"3I4Oo6x2ucpd9EmhjschtmbhlaiIAkNR9CjNiGD/6t4="}},"W0PZSAd9UN/fPes81wbigtuSDoAqMZbR4hZYuyMeWr0=":{"valueMac":{"type":"Buffer","data":"5qyu2Qj4gLS66DHGn17qAVDhCI48tkFFihmblFqiUaU="}},"XZ22y/rzUJwn+uzrrJjVQP4GkUckAWpllgc9KwRwk8w=":{"valueMac":{"type":"Buffer","data":"GtwcBvqgjZHtB+Tqj1H8MRcRZfp1Ynh8Gt0K6Mzcx8s="}},"ZRDtrr323cGdH3IcXj8p8tUYC/Eror6EjhY3bnu6elU=":{"valueMac":{"type":"Buffer","data":"MZ47BeP9I54eUEDqP9tVp1FPSO6rCK31bIctM6DoM1Q="}},"ZzC9PSxgHj/UeiZ1bUj7bFSGzn6cqqdFzutqTTIoZa0=":{"valueMac":{"type":"Buffer","data":"czYPZfJj9mf0sP7fr1LWXfMgCPFBk3Eq/83lTwFY5r4="}},"dJG8Yw/IGqdYiAPweQyXpv6ObO13scxd/48cH7KoCoc=":{"valueMac":{"type":"Buffer","data":"QD/FWRSElg54wlN5Xb6hkU3+x9fPBtz6o5zMYp843Xk="}},"j/PB+sJVZ4WacsooAOueIOzF2E23mfL2wiR0Yp0H6Jg=":{"valueMac":{"type":"Buffer","data":"mIk0zMfDaECZEufBuDsRmgN6J3w/4uO3q33aEdU/fhk="}},"lz3cjyaHBiajeHjKiT75NoGFLb6Ciyn1Q3RiFSDmNBM=":{"valueMac":{"type":"Buffer","data":"kvuxbevxwSsw+Piq/raSE5uFhftQ//PryydpoLRzy1g="}},"orQUD9kHW47ZeaWZSyj6h9yLw02NM5a9Ddy8BxVpJdk=":{"valueMac":{"type":"Buffer","data":"fZcJ9FPG5T/CTjbRI5tZuP9gnCWB4X7bQrNfbIQWvW8="}},"t6qFArQoCnKWxJtLofxZNnbOA0zfvZ2FT/itQ/lld2o=":{"valueMac":{"type":"Buffer","data":"GDpzMD+AZb+X9hfo5VIGn+d1YolgDz++AtP2VdSd/p0="}},"vGvNQnyJdPxXFZ4OHPLr1IqYoDUTG/NU2nHqzddogcQ=":{"valueMac":{"type":"Buffer","data":"YKyiTCAkfjO15TwrwlI9t5X9Bl/GhbFYxPteFlIeYzQ="}},"zFccC7nVetQCSfgaumt0NPbuENR6WZtL45+06NUYVWQ=":{"valueMac":{"type":"Buffer","data":"XK9axwkV+A2Rk1F2VBMIIa3AQ1JwSHg9q2EeCH8LY48="}},"0IGUrhc0L4/sloMKlZMxRFRECLfRgNKpgVuk5fF2Wxw=":{"valueMac":{"type":"Buffer","data":"sZRwFfcERgHdkHN8/9kXKQB8X83osZcW9RCgWG2OjIk="}},"2YndLv9hDtIMo9x6iqnn1GhE1cNT8Vs7FA2dTMmLCLw=":{"valueMac":{"type":"Buffer","data":"SUwBBvbHnOrSPi7g6VR6hML/FnVTmH/j+4DPTOllw7M="}},"5LMVYKsPZbBj3lGBLZ8gWpV13E0nOhgBwlln9iaC2k4=":{"valueMac":{"type":"Buffer","data":"peVJqYaZ7t3mHXNZSw088e62Jzax37ro+2NvmYEsnDw="}},"5k1CD/Dirr7dg45q/TIQHcxq1Ka83QFnpWohyJOjk9k=":{"valueMac":{"type":"Buffer","data":"hmjnXKILITbByA8JSPnReBaqRHt7ENxqIF4Hz7ARnx8="}},"6WHtphWUeinV23/WFjCZT01sHx4K4NzpaI6rbhU83vM=":{"valueMac":{"type":"Buffer","data":"4iP+BLZNL4YKBErSQ2uCj9LwzB44Y+zvbxldeeoq394="}},"9XFFgHJ58zqWb+pSKr80KHhz8lUjfYbPZAU1vIUDO7Q=":{"valueMac":{"type":"Buffer","data":"/5JZVUYIMYIgJ+cKaSU2Sr2n+OEJXZkuGRBHd3fAigA="}},"F046+YloTmlw0pCZXqJep5nQT9Hyp9+y7KeJ5io1FIc=":{"valueMac":{"type":"Buffer","data":"WVHwPqvMzbes0djkdyRjGu5obQnlpNhiEQWRysF3/J8="}},"PQi9Xybl7Tsz5GbSseJ5M50DrHKXxEG80s5BVIuKS1g=":{"valueMac":{"type":"Buffer","data":"wsEsxIZk623IBGbdewP+TAY7rrvAtuLvhRH1Ja4Z3jg="}},"1ZEtLOa3ZpcpemiGV5su7kNoFHrv3yEO3ErYeAGVtvw=":{"valueMac":{"type":"Buffer","data":"vVSmt4kGOemtSUS7lXgVgbU41OfXB/TZGbtTd6ZzBjY="}},"t8MJO1ct/9Q45rKZFRXujzzI3lfkORjSl9JiL1ryNHk=":{"valueMac":{"type":"Buffer","data":"4Q0LEuYPiL0m/qzAAGTblOy4gMJRAE9uavSP+ilW0VA="}},"QFxy2GCnIGPlN7F14xXlpuR+Bwo0vRBeku56TGjbFKM=":{"valueMac":{"type":"Buffer","data":"dC9zDuOZ8CztsR7Rie+U6kok8vva5OUL7NoqxbKWHTk="}},"4kD6CF2W1SH7VgqflrB7O7uxh6OLCnajGb3XIAE55d4=":{"valueMac":{"type":"Buffer","data":"VYOGNtLCYvEhy1iGU35QH6JsYbqWhnLLgK23Puyiy1A="}},"348Fg5tFioYydz4hYMLw34Mb9uo9NhKQwq1O1RLJ2Xg=":{"valueMac":{"type":"Buffer","data":"2Tm/CXX8grMdelpJwCahntwJuRRU4McL18anfFc+vO8="}},"AfjRbYh9r9kM4oWMqx1tWCwNLDrmnOyPmtKt23h4H2c=":{"valueMac":{"type":"Buffer","data":"tJEm+HFW15czRymBVAoQnkjBDrTIXgbc7CPEgESkiyY="}},"SaHCj6OCvRPKWiIvjV4/F6dZSeT2LPId4o3khoc1Tdc=":{"valueMac":{"type":"Buffer","data":"mBoMKy7gaQ52kR07Si3w6zXgjyi8nkjy4s1tb5QBO10="}},"VHpkPVd5JmR8dlBJsw22StlcqujrMWTrtD1Zb44Ljkw=":{"valueMac":{"type":"Buffer","data":"Xuijru8ksLFhRl1zcTRvQym0xkp2nCcQRoqihYsflb8="}},"T4UtjbEfSLxi+oOz4P5f39e6Oz5nh5keYFtayQmNXhc=":{"valueMac":{"type":"Buffer","data":"41bVMN9hfLArU+bbFLsLzW//CBRjlaJPZ96mL20Uowo="}},"GiWpGAw0yMHhnONEHXu6No79il3W8p0VQh2RA+3tsgU=":{"valueMac":{"type":"Buffer","data":"XsdT9L81Wr3wvLeTr+5GuzApihTd/HNPp3AWNkHv8s4="}}}}