{"version":2,"hash":{"type":"Buffer","data":"Ni2eUTLxIqSZo1A/0EYESiWWg5iSLcyTGDk/aqIoemGpTGjIxHCH9vnMWYKBP/+4QuUi8iF2SXBgAXvqCfNVoqHmnXlcPYtmjk8FJShidFpd+DJPZ4xNSl0BjZCUjU4sKxy7EM/i+pbTcdBKD8HG+WSz5FmUeUMkBue8FyeMF8Y="},"indexValueMap":{"AWYy368jIixfxgTQX7UQpvO6iebb4ho+nnjROWkbOIw=":{"valueMac":{"type":"Buffer","data":"GGgOvRTO7bg4u1+FPr4itbubCK6ZTUjLRZug5+tQe/g="}},"C1HDdowMGV9PTteybmW6rl6RQ71a4qaskO693NiE5bw=":{"valueMac":{"type":"Buffer","data":"W2n6OriT8Xu0G3EIUUS/muXuaIwZbX6pXMtELA93j8Q="}},"C8f06EU8P7DYzc37PCaiHbMQTnniVUSbjPE3a0VEO+8=":{"valueMac":{"type":"Buffer","data":"gHxnboKyTCEYuWJVw2s1oVhKl2SHSATSwwW3gStmdfc="}},"EA6bJR0QYD1vpejD2kVy8ClrejNVcptbcl2Zg39NGBQ=":{"valueMac":{"type":"Buffer","data":"McQ3YZOul/aFr1o44lkIKzBSEHgO6zvn8EjF7lh7a4Q="}},"Eet8kMRqjrnpJ20JUbnz264LdAiQ85lskbXpzhm669Q=":{"valueMac":{"type":"Buffer","data":"0IC9LxSUFKf8JBCS76WbYOPA8Me6YO7fNHH6hDjFO0Y="}},"Fnj2Vm+gzvikxhQDhnJzoOZ5TrX9V0lOMtnzx1qBwHA=":{"valueMac":{"type":"Buffer","data":"l2kx6sqxbv5JnfVGIBkapIKWIJwNgExp4DTaZBEo5l4="}},"H7QYWpwdJB4+j0KwCtalFRL4tVar+uOk6YL6O12QZ/k=":{"valueMac":{"type":"Buffer","data":"OWz1xoqly+ze23PPlag32h1C915ckRqRtXDG++doO/Q="}},"IFAY+sY7MC7+jGaTRa8uTnwVR58w8hDQw2496atrxvo=":{"valueMac":{"type":"Buffer","data":"8vScHieZ8hvummplDcxFwP95LHRubhQPqsGK29O9jV8="}},"IUhsQTh8bzI3Iub8NKyCFtVioqela2kFgR1ayO3ncL8=":{"valueMac":{"type":"Buffer","data":"UpndFpPVjZrzazXyy25Le7X14Vvhlho4sdXoiGiXZHI="}},"IvtdIb47NlRIpAnsUhl7GwT6eEl43EAFJ3dsal0snL0=":{"valueMac":{"type":"Buffer","data":"a4SNFMWTzLAx08b+mZaCCm7VHMGfBxU1gxvvPDc70VM="}},"Jvx092KRJP95Q8IdPN7k9k9Nr6FqzpxraBzWxRxOFMs=":{"valueMac":{"type":"Buffer","data":"G4emGEC/uUbFL7V92it0cFhXFhY4xrZd7a2pXykTtGU="}},"KRgYXSyEqRMV2Kts0qzcmLBe8II8yrpjyAC26eozqZI=":{"valueMac":{"type":"Buffer","data":"i50kYzzNSYx2ZMhgI6i4OHkr99vECKMrGA1Bvl6wrYY="}},"K9ed8gTDMare3JUKEBGXXbdrPC/8EDzh9HcypUXJIsY=":{"valueMac":{"type":"Buffer","data":"v3BJeYh7+aouP1Mpt2kUckkhYOFGsHWFsD88ERMHOHo="}},"LdfYrzH6ORu232bK7drYoSegue3aYKfd6b0e3UKtqWg=":{"valueMac":{"type":"Buffer","data":"RkxbMRLH0nlrT4U0cQBrfFGiisSCg+NOYMmafSPie3s="}},"MZIDpvCMIvGZ2FzEBrWO3Mmnb21lC6jUPbT2zZsAAtM=":{"valueMac":{"type":"Buffer","data":"5TeEQGS78xsM32KmJqoq+J8US1k64bi4nNCZxVhmPwI="}},"MycSY3Esc1aIhoH0qo41RmWh/jiF02P1K0fCEHD7454=":{"valueMac":{"type":"Buffer","data":"Y1pirbq42vlfPBQCyHvYcUKC4S18GdZE8U/8GW3y654="}},"NqcenMRC5sIIGDgYu2NEsEFcPq85uhoUsKP4eu481Is=":{"valueMac":{"type":"Buffer","data":"Uiv4yA90OiE3RGTOTNb73WXInShf7vjbov8LfSAmSLU="}},"PHbeE2YWK4alBPweEAelEwpulhYLCN5ru5MCsTLjmLw=":{"valueMac":{"type":"Buffer","data":"ARYWUNTy+BV5lfFgHoUqVFZ8PxFXRDPyWK3QynlgzIw="}},"P7zV1yy8riZYgVDSRGpGSvZQOewSp0X1pcekNIQtdhM=":{"valueMac":{"type":"Buffer","data":"AdEDM24p5yBpYe0V6TYWgTvcqldE2WjeQTwBHVVnc2Y="}},"UYBzGbJA5n5e/UQKHdnz7ulSzdjH7pEBcBwLtpNz4Ls=":{"valueMac":{"type":"Buffer","data":"uN5oo1z3bbw2qBYL/EUbE+N7ffImCxA3OhfcKfpo/Bo="}},"VYfDELyfbRgDuaeOJ8yqnAIvYK2bOjLtEfeAHMYf/Uk=":{"valueMac":{"type":"Buffer","data":"PS2pXKoD4N2GPZ1ITK0fnmkJe/xnCh6GPHN0w4X6iT4="}},"V0q3VxAR2MvJXODJIkFZ0VIePq9bi3X1kX7P4E1xGo0=":{"valueMac":{"type":"Buffer","data":"m+wGneQRBZYPZiR/A1pwZYhr4Yt+BZ/EPzwBtk0OZGo="}},"XPF1JkiK+cTx8RfIC9aLprW2mhwZUMF8NBxGRyH3X3U=":{"valueMac":{"type":"Buffer","data":"fIo4P+38cOhq+laP5qTaY9/xkkvYBfZ+9DraMu5/VwI="}},"YrEVSes5R6V1wleKZ4cmKo8bSo6XRLzhYBchDeUfcHI=":{"valueMac":{"type":"Buffer","data":"f3ygDGJtPSdsNwn3K13T/96zaYyo2Fc8O0KFGdbXqbU="}},"aG1DA1987JefTHoZTTAgBf/Z3ojnN4YCWFbPuogBeVQ=":{"valueMac":{"type":"Buffer","data":"ekfnQbbUaTa4zxuILZ0mPF4PAbwXqiI2DB+CEK1BqI0="}},"ab2UswL/1H3ZmHr48uWqgru2mRTrZZjRmQAeHauHSS0=":{"valueMac":{"type":"Buffer","data":"O+y4J9hJouUHbfcAvRLkJN7QXvRPXtiZIVgWFN1GvPo="}},"f8zP9XiZ6s95E5uCFlQWAoggF1mtOwotVKt/pQ5991k=":{"valueMac":{"type":"Buffer","data":"RkjP+5T9J8QeIbRUQuMgJdFeJ2MS1nOhH8qaKySwD5A="}},"geupvZwXzO7aU+Pj0zU6XAQ+cb4qPJEE1FEm1UEQXIs=":{"valueMac":{"type":"Buffer","data":"9qth8XZW1bnM4f5iHPvSGDCP9NeHw9EPiFDol6Xba/o="}},"iYOB2tu+3nT29QTJMXlGbK73W7w1bRHxLrqjyMt8NHg=":{"valueMac":{"type":"Buffer","data":"6pv2ja1l+fr/d4L++SbbpYG5mMq18/GxT1rD1zsWK40="}},"lJpX987Qp8N4kztHrpIhrW4ieyEo/Tp7NcmZNmG5KVU=":{"valueMac":{"type":"Buffer","data":"sH0ntX1iIRiaywbb+xzf6Ct752+rmz7fThnd4JYwPKQ="}},"l8Ov4dyWLh8AY6bxfrUmei1lFvyVH1ErriTrKD7gvQA=":{"valueMac":{"type":"Buffer","data":"iIJQp0CH39ZD8FXfWzniPUtAlgcFAzKBAGcAd/c/BvI="}},"l/0QkZYnM2E7opflyWTU+bcxcx6f92GpLZjExj8E1Rg=":{"valueMac":{"type":"Buffer","data":"GNtOtNCJWJfy8hDo6bWYOnbcxVflen3AYxQsLwW066k="}},"nO1dj815DlDCKEXezD4VXKhvJnAGvXunVamqtVwIAR8=":{"valueMac":{"type":"Buffer","data":"wU+CVYIL4DAJu/NC9wMWwg1sV+0c564I/XSDAUYBh3g="}},"nXyHvYQFT5UozWismZwXCNbXODoNaGw2sLxISkrzqGo=":{"valueMac":{"type":"Buffer","data":"ADmygyqRPjS5f2s/0/fFfPGlP4IqrApwz59Z9/WIQN0="}},"qBUDoEFo7AUAzov6hAvY0tHa9iJTxnBt1WvqRGEBb14=":{"valueMac":{"type":"Buffer","data":"b62uS9zLOCOoKWWkatVWk+zD3bIDg+MGORyR+RdvQRw="}},"qTOrx21X/hzHUaxPw1jqI7o07ND88lrA0STF9UJnb4Y=":{"valueMac":{"type":"Buffer","data":"dm8vnpjB/UwD6lJks7KfGc7kb31xdK/5UjSCENsqSJc="}},"qvngF0jq2vF5c0SHsWnsTlFHe0mF0u//u6cl5+TxlGU=":{"valueMac":{"type":"Buffer","data":"3sqjTKqkodWGVqBemJBByf2PApvHmICrZpVkZlEKrIE="}},"qxDn7OBRZK6rHcEz9sxcTXm3ouoYxsIeoKzPTd6B48o=":{"valueMac":{"type":"Buffer","data":"QQVhndUy7ClbUmp4tB0u2X8COGRWkNAvSdyZ23YzDmk="}},"rWY0UdU/eIrtjirrzL6+oXU9py0AMVm1z2lKtmobCpU=":{"valueMac":{"type":"Buffer","data":"ymg3xURNLURX1WMS1h0DL/o81luuxwz3YVktPWdL/9w="}},"razYkjCcuyeKhVQlnG5bQXWZ0mZWA7LLaqGA16xY0TY=":{"valueMac":{"type":"Buffer","data":"afFjM3ixfTzSLeEje8dsCWTs4DxTrY6aCAK/Y0Zzkbw="}},"rg1DLYARuTx/z+6YqkhSCyDhg9if4agSJf50/fDhONU=":{"valueMac":{"type":"Buffer","data":"3fOa4sqVHxyMnbhnLOY0lp+d2AYkN1RdcvYAO7uaYuI="}},"roYV/I+C8V2aiMvbfZHwU+WydnDM+1ZT1NW3UAL6Og8=":{"valueMac":{"type":"Buffer","data":"kykxazWSpsilleI9YVUoL82XbAYNZOCGMOglIfqAJCA="}},"08PFNmuqvkrneRYUTcskrK5hv1+y7jYM9WxV5G/wpK0=":{"valueMac":{"type":"Buffer","data":"HorFVpDk15mPv0Yv0aow2aO3yNSbkWtwhSEbOARg8uw="}},"3jpEx3sw1YjUlxp4rUB0iXnyY5zqqLxCM80GIpXmYn8=":{"valueMac":{"type":"Buffer","data":"59BkDH+2g3P1Sk13Tlu7hwH6jIAddMc88Ek1+xg3zfQ="}},"5mQiw8aI99ApOGt5T/6HOLmKhefmGvyyv7/AKinplFc=":{"valueMac":{"type":"Buffer","data":"MZwjQf1Jnz+nwgRBMcOIPPyMk9LYF/NZiu7RPGU66+4="}},"6E3gOVDhMfViPydcyoCto4ijHLZpxu9e1V91Yj8HYN4=":{"valueMac":{"type":"Buffer","data":"PJDRaxs9aoFS0kP4jWhW23XcUT8fKwaE2+ZwqQ9i/wM="}},"qyqMqX2LdioY7V8w0GmvNX2wr3PKkACH/5bO5zJXIvI=":{"valueMac":{"type":"Buffer","data":"+sDJMH0qKx5Ow2Mz97xMoLkaG35z6lNLlXlG0OmzVJg="}}}}