{"version":3,"hash":{"type":"Buffer","data":"tT9cf8hgIsfUNYhz82EJrEQ0M64Sc+tMKgax7Gr73L+XITsfYvWhZnMrxe2XRJFh3IJ+i7cl0c8smlC2ShSL91iCFKMLCc0/XEbkk2zn6pSXAW8+/g7XbgZrbiZA52YfiweQ4EmUYNALEXHb+bILodg207tyd13H2YR6fiA9xOU="},"indexValueMap":{"RNCnW9bP1hYlXhEZcrph2RmWdd39WshZxOKDFeOj7IE=":{"valueMac":{"type":"Buffer","data":"yd0xWVFkYrpvx9xHLrii5YK4SPeeIsbMzXSIs4GHicI="}},"brlK1dLIx6DYsf+uuVSqGjdMicwjZHsY0vo0lfY55/U=":{"valueMac":{"type":"Buffer","data":"RSm7Lo6uulDd7dB5jc3nxEyGfZsgghIKwYkDlqOwLss="}},"eGhKAmN7V2sRJX9MutJ7d27e4j0lUI1gzBy5shsCYFw=":{"valueMac":{"type":"Buffer","data":"2BVH9ynQfyV1xQmM9iG2/n1rAZXxDVW0LUM216cQrZg="}},"hjcbEW3ejFheHaRPcv5n/i5iOYYiXIveUsUE8eKLtbY=":{"valueMac":{"type":"Buffer","data":"pZ6Q6TkyZFAk41qLsbeD7ZXrhXFP4d0zO6IMsVcpfVA="}},"kNeMg/mKfhbwfpNvFK59Y2IswFfyJDVI7PJeiS03rus=":{"valueMac":{"type":"Buffer","data":"bCAhtfKAuLoZYklgDSSiLkO0Ksqm9uj7f/v3wiAJEkY="}},"mo7hB0vclAY9OGkNd4sv6l/Qact6Xl7uzh6Yf5wzFoI=":{"valueMac":{"type":"Buffer","data":"LAlpsVsbkjcFZ+EPOpIYpzvXHG7usWgBXZqCfVw6k9U="}},"wTGHpiKTIsZVCNYulRqfcJFXwhPqEhD9bxcqOgf1oT0=":{"valueMac":{"type":"Buffer","data":"ZQfDZypIrFssuPXu/fZPx6MCfGWuk958A9CeS4bWrrs="}},"6seOGcdBX3sxx5eIYjwroDI2XDOMN+hqbTGBMkVAsUw=":{"valueMac":{"type":"Buffer","data":"8qvVJ47j6g86Gbszaqpg3vAbr01VW5bLfHtEYZyIwo0="}},"74lz1t+iffWvQrpObxJi+3B8d4JzlLuPb3Ni6HaHNxs=":{"valueMac":{"type":"Buffer","data":"6fIRyoql/7xYu6ZjUrcBXMH9cdTzgiOcqFrHtVxX50I="}},"XJqXVX5mN8NMJQ/5/tVfl640i3xruNy5GmXHGVJJ3Ws=":{"valueMac":{"type":"Buffer","data":"5kz+DANCpiQ/GjOJV2LTR20SHQhIabW9FH2MrUDx0w4="}},"UUeHqkGlIvwKH+cl56U6xs32aFK6YR/qtz2X2MjKTNc=":{"valueMac":{"type":"Buffer","data":"pHNcObpkHe1x5Rn64MudMJc/PIBzO4FZZZayOJdEMGY="}}}}