{"noiseKey":{"private":{"type":"Buffer","data":"mDpN9n1lfGi4B06/U/w0U3ViN6tkZvm9/3MalrOhKFU="},"public":{"type":"Buffer","data":"gTPVlLnaomjBRXsxUkPY9BYKN8zIgqxWZBTGLfSZ6FU="}},"signedIdentityKey":{"private":{"type":"Buffer","data":"COyf7+fxyQ196cUhzKb6JRiP1303sxB8AjY75uDQAH0="},"public":{"type":"Buffer","data":"3n0t8lDw4kZuoq6FmDzjN/XIcl8MjYiRBEPY4JTPdX4="}},"signedPreKey":{"keyPair":{"private":{"type":"Buffer","data":"+FjR5SlT4G5g1HTNS/37yfrmzIbw+Sg5PGZ188keB14="},"public":{"type":"Buffer","data":"ahty59OpA4rViQtUthmbWdbrwOFll3/hvAEwjnkDbXs="}},"signature":{"type":"Buffer","data":"bfpDzvqCbtP0zlpggUthWp51Xj5sr2vq458a0S0A1YJpTFh1PRcY8xVO5b/079lj5LosKheqz0TeF20SmB9oBg=="},"keyId":1},"registrationId":19,"advSecretKey":"IQc1FQackn3IPJ0tVNtGvhw7I1iG4rVm7d9cSrz5MHE=","nextPreKeyId":638,"firstUnuploadedPreKeyId":638,"serverHasPreKeys":true,"account":{"details":"CMi/lbAHEIuZ0ZQGGAE=","accountSignatureKey":"gWlMs96gZHeHWjlpaLRUPp9o3QXqScvwBGN0pjSmVTc=","accountSignature":"AyfWkkbOHeXGBKKXmA0QSCEdrWOvSfJMIpCJRMvcTo3tD+XgUMoJS08fgemrc71lJJBFMNulsLAYJi0R6aXdCg==","deviceSignature":"6wSzGk7JuWP1zgQsfv2VwKgMlh4j95ocB3Avoz5yIpoSQ+KimSVTnkoUHNb6+bftWru/h0M5putABNOeHhfvAQ=="},"me":{"id":"6281567956300:4@s.whatsapp.net","verifiedName":"栗山未来","name":"栗山未来"},"signalIdentities":[{"identifier":{"name":"6281567956300:4@s.whatsapp.net","deviceId":0},"identifierKey":{"type":"Buffer","data":"BYFpTLPeoGR3h1o5aWi0VD6faN0F6knL8ARjdKY0plU3"}}],"lastAccountSyncTimestamp":1654151964,"myAppStateKeyId":"AAAAAOmf"}